{"cameraMode":{"drawMode":0,"name":"Shaded","section":"Shading Mode"},"sceneLighting":true,"audioPlay":false,"sceneViewState":{"showFog":true,"showMaterialUpdate":false,"showSkybox":true,"showFlares":true,"showImageEffects":true,"showParticleSystems":true},"in2DMode":false,"pivot":{"x":71.12420654296875,"y":8.341989517211914,"z":20.06574249267578},"rotation":{"x":-0.1652860790491104,"y":0.28796371817588808,"z":-0.05053024739027023,"w":-0.9419180154800415},"size":1.0500926971435547,"orthographic":false}