{"cameraMode":{"drawMode":0,"name":"Shaded","section":"Shading Mode"},"sceneLighting":true,"audioPlay":false,"sceneViewState":{"showFog":true,"showMaterialUpdate":false,"showSkybox":true,"showFlares":true,"showImageEffects":true,"showParticleSystems":true},"in2DMode":false,"pivot":{"x":69.65133666992188,"y":11.865652084350586,"z":23.002788543701173},"rotation":{"x":-0.06739401817321778,"y":-0.9102679491043091,"z":0.16395775973796845,"w":-0.37416234612464907},"size":3.368316173553467,"orthographic":false}